{"cameraMode":{"drawMode":0,"name":"Shaded","section":"Shading Mode"},"sceneLighting":true,"audioPlay":false,"sceneViewState":{"showFog":true,"showMaterialUpdate":false,"showSkybox":true,"showFlares":true,"showImageEffects":true,"showParticleSystems":true},"in2DMode":false,"pivot":{"x":3.050487518310547,"y":-6.246903419494629,"z":-13.009843826293946},"rotation":{"x":0.25921183824539187,"y":-0.6368899345397949,"z":0.2410440444946289,"w":0.6848928928375244},"size":22.968721389770509,"orthographic":false}